Referencia;Descricao do Produto;Fabricante;Grupo;Qtde;Un;Custo Un;Custo;Total;
ONJ0056MX      ;POTE DECORATIVO COM ALCA RETANGULAR 20CM                    ;CHINA GOODLINK TRADING CO., LTD.                                                                    ;GRUPO 1                                                     ;31;UN ;12,71;394,01;2166,9;
ONJ0057        ;POTE DECORATIVO COM ALCA REDONDO 17CM                       ;CHINA GOODLINK TRADING CO., LTD.                                                                    ;GRUPO 1                                                     ;26;UN ;9,75;253,5;1271,4;
ONJ0057MX      ;POTE DECORATIVO COM ALCA REDONDO MX 17CM                    ;CHINA GOODLINK TRADING CO., LTD.                                                                    ;GRUPO 1                                                     ;42;UN ;10,64;446,88;2048,91;
ONJ0059        ;POTE VIDRO BOJUDO DECORATIVO 20CM                           ;CHINA GOODLINK TRADING CO., LTD.                                                                    ;GRUPO 1                                                     ;5;UN ;44,04;220,2;949,5;
ONJ0059MX      ;POTE VIDRO BOJUDO DECORATIVO MX 20CM                        ;CHINA GOODLINK TRADING CO., LTD.                                                                    ;GRUPO 1                                                     ;12;UN ;44,92;539,04;2278,8;
ONJ0060        ;POTE VIDRO BOJUDO DECORATIVO  28CM                          ;CHINA GOODLINK TRADING CO., LTD.                                                                    ;GRUPO 1                                                     ;5;UN ;50,24;251,2;1349,5;
ONJ0060MX      ;POTE VIDRO BOJUDO DECORATIVO MX  28CM                       ;CHINA GOODLINK TRADING CO., LTD.                                                                    ;GRUPO 1                                                     ;16;UN ;53,49;855,84;4318,4;
ONJ0061        ;POTE VIDRO BOJUDO DECORATIVO 35CM                           ;CHINA GOODLINK TRADING CO., LTD.                                                                    ;GRUPO 1                                                     ;3;UN ;86,01;258,03;1169,7;
ONJ0061MX      ;POTE VIDRO BOJUDO DECORATIVO MX 35CM                        ;CHINA GOODLINK TRADING CO., LTD.                                                                    ;GRUPO 1                                                     ;13;UN ;92,21;1198,73;5068,7;
ONJ0062MX      ;VASO VIDRO DECOR CORES MX 30CM                              ;CHINA GOODLINK TRADING CO., LTD.                                                                    ;GRUPO 1                                                     ;3;UN ;13,6;40,8;179,7;
ONJ0063        ;GARRAFA DE VIDRO DECORATIVA (WISKY)                         ;CHINA GOODLINK TRADING CO., LTD.                                                                    ;GRUPO 1                                                     ;4;UN ;23,05;92,2;359,6;
ONJ0064        ;GARRAFA DE VIDRO DECORATIVA (WISKY)                         ;CHINA GOODLINK TRADING CO., LTD.                                                                    ;GRUPO 1                                                     ;6;UN ;23,05;138,3;539,4;
ONJ0065        ;VASO VIDRO QUADRADO ABALOADO 10X10CM                        ;CHINA GOODLINK TRADING CO., LTD.                                                                    ;GRUPO 1                                                     ;28;UN ;7,98;223,44;1117,2;
ONJ0036        ;VASO CERAMICA ESMALTADO PQ 13X18CM                          ;CHINA GOODLINK TRADING CO., LTD.                                                                    ;GRUPO 1                                                     ;4;UN ;19,63;78,52;359,6;
ONJ0037        ;VASO CERAMICA ESMALTADO PQ 13X18CM                          ;CHINA GOODLINK TRADING CO., LTD.                                                                    ;GRUPO 1                                                     ;3;UN ;19,63;58,89;269,7;
ONJ0038        ;VASO CERAMICA ESMALTADO PQ 13X18CM                          ;CHINA GOODLINK TRADING CO., LTD.                                                                    ;GRUPO 1                                                     ;8;UN ;19,63;157,04;719,2;
ONJ0039        ;VASO CERAMICA ESMALTADO PQ 13X18CM                          ;CHINA GOODLINK TRADING CO., LTD.                                                                    ;GRUPO 1                                                     ;6;UN ;19,63;117,78;539,4;
ONJ0041        ;CACHEPOT GARDEN PQ 12X13X13CM                               ;CHINA GOODLINK TRADING CO., LTD.                                                                    ;GRUPO 1                                                     ;8;UN ;18,73;149,84;559,2;
ONJ0042        ;CACHEPOT GARDEN PQ 12X13X13CM                               ;CHINA GOODLINK TRADING CO., LTD.                                                                    ;GRUPO 1                                                     ;8;UN ;18,73;149,84;559,2;
ONJ0043        ;CACHEPOT GARDEN PQ 12X13X13CM                               ;CHINA GOODLINK TRADING CO., LTD.                                                                    ;GRUPO 1                                                     ;9;UN ;18,73;168,57;629,1;
ONJ0044        ;CACHEPOT GARDEN PQ 12X13X13CM                               ;CHINA GOODLINK TRADING CO., LTD.                                                                    ;GRUPO 1                                                     ;5;UN ;18,73;93,65;349,5;
ONJ0045        ;VASO CERAMICA ESMALTADO PQ 35X36CM                          ;CHINA GOODLINK TRADING CO., LTD.                                                                    ;GRUPO 1                                                     ;1;UN ;63,9;63,9;398,9;
ONJ0047        ;VASO CERAMICA ESMALTADO PQ 29X24CM                          ;CHINA GOODLINK TRADING CO., LTD.                                                                    ;GRUPO 1                                                     ;1;UN ;45,63;45,63;219,9;
ONJ0050        ;VASO CERAMICA ESMALTADO PQ 40X25CM                          ;CHINA GOODLINK TRADING CO., LTD.                                                                    ;GRUPO 1                                                     ;3;UN ;50,2;150,6;1169,7;
ONJ0052        ;POTE DECORADO 13X13XC12CM                                   ;CHINA GOODLINK TRADING CO., LTD.                                                                    ;GRUPO 1                                                     ;3;UN ;22,01;66,03;209,7;
ONJ0053        ;POTE DECORADO 13X13XC12CM                                   ;CHINA GOODLINK TRADING CO., LTD.                                                                    ;GRUPO 1                                                     ;2;UN ;22,01;44,02;139,8;
ONJ0054        ;POTE DECORADO 13X13XC12CM                                   ;CHINA GOODLINK TRADING CO., LTD.                                                                    ;GRUPO 1                                                     ;16;UN ;22,01;352,16;1118,4;
ONJ0055        ;POTE DECORADO 13X13XC12CM                                   ;CHINA GOODLINK TRADING CO., LTD.                                                                    ;GRUPO 1                                                     ;7;UN ;22,01;154,07;489,3;
ONJ0066        ;DECORACAO RESINA                                            ;CHINA GOODLINK TRADING CO., LTD.                                                                    ;GRUPO 1                                                     ;7;UN ;32,37;226,59;979,3;
ONJ0067        ;PADEIRO LOUZINHA 17CM                                       ;CHINA GOODLINK TRADING CO., LTD.                                                                    ;GRUPO 1                                                     ;3;UN ;32,37;97,11;419,7;
ONJ0068        ;COZINHEIRO SUPORTE TALHERES 16CM                            ;CHINA GOODLINK TRADING CO., LTD.                                                                    ;GRUPO 1                                                     ;6;UN ;35,41;212,46;839,4;
ONJ0069        ;PADEIRO SUPORTE BOLO ICUPCAKE 17CM                          ;CHINA GOODLINK TRADING CO., LTD.                                                                    ;GRUPO 1                                                     ;2;UN ;33,88;67,76;279,8;
ONJ0070        ;PADEIRO SUPORTE TOALHA                                      ;CHINA GOODLINK TRADING CO., LTD.                                                                    ;GRUPO 1                                                     ;8;UN ;24,33;194,64;959,2;
ONJ0071        ;PADEIRO SUPORTE PAPEL TOALHA 30CM                           ;CHINA GOODLINK TRADING CO., LTD.                                                                    ;GRUPO 1                                                     ;4;UN ;23,9;95,6;479,6;
ONJ0072        ;PADEIRO LOUSINHA                                            ;CHINA GOODLINK TRADING CO., LTD.                                                                    ;GRUPO 1                                                     ;5;UN ;33,89;169,45;849,5;
ONJ0073        ;PADEIRO SAL/PIMENTA 17CM                                    ;CHINA GOODLINK TRADING CO., LTD.                                                                    ;GRUPO 1                                                     ;4;UN ;27,37;109,48;519,6;
ONJ0007        ;PANTERA DEITADA DEOCR 27,5 CM                               ;CHINA GOODLINK TRADING CO., LTD.                                                                    ;GRUPO 1                                                     ;9;UN ;32,37;291,33;1529,1;
ONJ0008        ;PANTERA DEITADA DECOR 39CM                                  ;CHINA GOODLINK TRADING CO., LTD.                                                                    ;GRUPO 1                                                     ;6;UN ;66,29;397,74;2339,4;
ONJ0009        ;DECORACAO RESINA                                            ;CHINA GOODLINK TRADING CO., LTD.                                                                    ;GRUPO 1                                                     ;7;UN ;69,3;485,1;2589,3;
ONJ0010        ;ESCUL. DECRO ABSTRATO CIRCULAR 25CM                         ;CHINA GOODLINK TRADING CO., LTD.                                                                    ;GRUPO 1                                                     ;6;UN ;47,79;286,74;1439,4;
ONJ0011        ;ESCULTURA MUSICO HOMEM 31CM                                 ;CHINA GOODLINK TRADING CO., LTD.                                                                    ;GRUPO 1                                                     ;1;UN ;49,31;49,31;239,9;
ONJ0013        ;ESCULT. UNIAO E FORCA 33CM                                  ;CHINA GOODLINK TRADING CO., LTD.                                                                    ;GRUPO 1                                                     ;9;UN ;49,31;443,79;2159,1;
ONJ0014        ;ESCULTURA EQUILIBRIO UNIAO 27CM                             ;CHINA GOODLINK TRADING CO., LTD.                                                                    ;GRUPO 1                                                     ;7;UN ;53,87;377,09;1789,4;
ONJ0015        ;ESCULTURA SABEDORIA VENCEDOR 30CM                           ;CHINA GOODLINK TRADING CO., LTD.                                                                    ;GRUPO 1                                                     ;7;UN ;44,75;313,25;2029,3;
ONJ0016        ;MENINA BASA SUPORTE 30CM                                    ;CHINA GOODLINK TRADING CO., LTD.                                                                    ;GRUPO 1                                                     ;3;UN ;64,74;194,22;869,7;
ONJ0017        ;MENINA BASE SUPORTE 29CM                                    ;CHINA GOODLINK TRADING CO., LTD.                                                                    ;GRUPO 1                                                     ;1;UN ;60,17;60,17;289,9;
ONJ0018        ;MENINA BUQUE 36CM                                           ;CHINA GOODLINK TRADING CO., LTD.                                                                    ;GRUPO 1                                                     ;3;UN ;64,74;194,22;869,7;
ONJ0019        ;ESCULTURA EM RESINA                                         ;CHINA GOODLINK TRADING CO., LTD.                                                                    ;GRUPO 1                                                     ;6;UN ;35,41;212,46;1019,4;
ONJ0020        ;DECORACAO RESINA                                            ;CHINA GOODLINK TRADING CO., LTD.                                                                    ;GRUPO 1                                                     ;11;UN ;60,17;661,87;2968,9;
ONJ0021        ;DECORACAO RESINA                                            ;CHINA GOODLINK TRADING CO., LTD.                                                                    ;GRUPO 1                                                     ;2;UN ;60,17;120,34;539,8;
ONJ0022        ;ESCULTURA HOMEM COM BOLA                                    ;CHINA GOODLINK TRADING CO., LTD.                                                                    ;GRUPO 1                                                     ;4;UN ;60,17;240,68;1079,6;
ONJ0023        ;DECORACAO RESINA                                            ;CHINA GOODLINK TRADING CO., LTD.                                                                    ;GRUPO 1                                                     ;2;UN ;55,4;110,8;557,8;
ONJ0024        ;ESCUL. ABSTRATO DOURADO EM RESINA                           ;CHINA GOODLINK TRADING CO., LTD.                                                                    ;GRUPO 1                                                     ;2;UN ;100,15;200,3;1179,8;
ONJ0025        ;ESCULTURA DECORATIVA                                        ;CHINA GOODLINK TRADING CO., LTD.                                                                    ;GRUPO 1                                                     ;2;UN ;89,28;178,56;939,8;
ONJ0026        ;ESCULTURA ELEFANTE VAZADO 19CM                              ;CHINA GOODLINK TRADING CO., LTD.                                                                    ;GRUPO 1                                                     ;6;UN ;53,87;323,22;1439,4;
ONJ0027        ;CESTA DECORATIVA EM RATTAN P                                ;CHINA GOODLINK TRADING CO., LTD.                                                                    ;GRUPO 1                                                     ;10;UN ;12,35;123,5;699;
ONJ0028        ;CESTA DECORATIVA EM RATTAN P                                ;CHINA GOODLINK TRADING CO., LTD.                                                                    ;GRUPO 1                                                     ;26;UN ;10,47;272,22;1810,41;
ONJ0029        ;ITEM NO: ONJ0029 - CESTAS DECORATIVAS                       ;CHINA GOODLINK TRADING CO., LTD.                                                                    ;GRUPO 1                                                     ;12;UN ;30;360;2278,8;
ONJ0030        ;PORTA TALHERES EM RATTAN                                    ;CHINA GOODLINK TRADING CO., LTD.                                                                    ;GRUPO 1                                                     ;13;UN ;27,18;353,34;1818,7;
ONJ0031        ;CESTA DECORATIVA EM RATTAN P                                ;CHINA GOODLINK TRADING CO., LTD.                                                                    ;GRUPO 1                                                     ;23;UN ;15,7;361,1;917,7;
ONJ0032        ;CESTA DECORATIVA EM RATTAN P                                ;CHINA GOODLINK TRADING CO., LTD.                                                                    ;GRUPO 1                                                     ;29;UN ;6,41;185,89;1447,1;
ONJ0033        ;CESTA NATURAL DECORATIVA P                                  ;CHINA GOODLINK TRADING CO., LTD.                                                                    ;GRUPO 1                                                     ;4;UN ;36,87;147,48;1195,6;
ONJ0034        ;CESTA DECORATIVA EM RATTAN P                                ;CHINA GOODLINK TRADING CO., LTD.                                                                    ;GRUPO 1                                                     ;4;UN ;30;120;1279,6;
ONJ0035        ;CESTA DECORATIVA EM RATTAN                                  ;CHINA GOODLINK TRADING CO., LTD.                                                                    ;GRUPO 1                                                     ;35;UN ;17,92;627,2;3146,5;
ONJ0074        ;CESTA DECORATIVA EM FIBRA NATURAL P                         ;CHINA GOODLINK TRADING CO., LTD.                                                                    ;GRUPO 1                                                     ;8;UN ;27,38;219,04;1839,2;
ONJ0075        ;CESTA DECORATIVA EM FIBRA NATURAL P                         ;CHINA GOODLINK TRADING CO., LTD.                                                                    ;GRUPO 1                                                     ;9;UN ;27,38;246,42;2069,1;
ONJ0076MX      ;CESTA DECORATIVA EM FIBRA NATURAL P                         ;CHINA GOODLINK TRADING CO., LTD.                                                                    ;GRUPO 1                                                     ;32;UN ;10,7;342,4;2876,8;
ONJ0077MX      ;CESTA DECORATIVA EM FIBRA NATURAL P                         ;CHINA GOODLINK TRADING CO., LTD.                                                                    ;GRUPO 1                                                     ;38;UN ;10,99;417,62;3416,2;
ONJ0090        ;HASTER BAMBU DECOR 150CM                                    ;CHINA GOODLINK TRADING CO., LTD.                                                                    ;GRUPO 1                                                     ;27;UN ;10,43;281,61;1617,3;
ONJ0091        ;HATE BAMBU DECOR 120CM                                      ;CHINA GOODLINK TRADING CO., LTD.                                                                    ;GRUPO 1                                                     ;22;UN ;9,06;199,32;1097,8;
ONJ0092        ;HASTE BAMBU DECOR 100CM                                     ;CHINA GOODLINK TRADING CO., LTD.                                                                    ;GRUPO 1                                                     ;29;UN ;7,68;222,72;1157,1;
ONJ0093        ;SUCULENTA DEDO DE MOCA 12                                   ;CHINA GOODLINK TRADING CO., LTD.                                                                    ;GRUPO 1                                                     ;62;UN ;2,76;171,12;737,8;
ONJ0094        ;SUCULENTA DE PEDRA 17CM                                     ;CHINA GOODLINK TRADING CO., LTD.                                                                    ;GRUPO 1                                                     ;54;UN ;5,32;287,28;1452,6;
ONJ0095        ;SUCULENTA ROSA DE PEDRA 15CM                                ;CHINA GOODLINK TRADING CO., LTD.                                                                    ;GRUPO 1                                                     ;82;UN ;5,32;436,24;2205,8;
ONJ0096        ;SUCULENTA ROSA DE PEDRA 11CM                                ;CHINA GOODLINK TRADING CO., LTD.                                                                    ;GRUPO 1                                                     ;58;UN ;2,76;160,08;748,2;
ONJ0097        ;SUCULENTA MINI PALMA 20CM                                   ;CHINA GOODLINK TRADING CO., LTD.                                                                    ;GRUPO 1                                                     ;45;UN ;5,51;247,95;1075,5;
ONJ0098        ;FOLHA PHILODENDRON 97CM                                     ;CHINA GOODLINK TRADING CO., LTD.                                                                    ;GRUPO 1                                                     ;48;UN ;6,69;321,12;1771,2;
ONJ0100        ;ARBUSTO FICCUS VD 130CM                                     ;CHINA GOODLINK TRADING CO., LTD.                                                                    ;GRUPO 1                                                     ;7;UN ;50,2;351,4;2029,3;
ONJ0101        ;FOLHA COSTELA DE ADAO 76CM                                  ;CHINA GOODLINK TRADING CO., LTD.                                                                    ;GRUPO 1                                                     ;59;UN ;4,13;243,67;1194,1;
ONJ0102        ;FOLHA COSTELA DE ADï¿½O 90CM                                  ;CHINA GOODLINK TRADING CO., LTD.                                                                    ;GRUPO 1                                                     ;33;UN ;6,38;210,54;1316,7;
ONJ0103        ;GALHO SAMANBAIA JAMAICANA 120CM                             ;CHINA GOODLINK TRADING CO., LTD.                                                                    ;GRUPO 1                                                     ;33;UN ;4,88;161,04;1976,7;
ONJ0106        ;BQT. PICK VERDINHO OREGANO MIX CORES 40CM                   ;CHINA GOODLINK TRADING CO., LTD.                                                                    ;GRUPO 1                                                     ;223;UN ;4,53;1010,19;5106,7;
ONJ0107        ;BQT. PICK VERDINHO MIX CORES 35CM                           ;CHINA GOODLINK TRADING CO., LTD.                                                                    ;GRUPO 1                                                     ;488;UN ;4,13;2015,44;8735,2;
ONJ0108        ;BQT. PICK EUCALIPTUS OUT                                    ;CHINA GOODLINK TRADING CO., LTD.                                                                    ;GRUPO 1                                                     ;283;UN ;4,53;1281,99;5631,7;
ONJ0109        ;BQT. PICK OUTONADO MIX CORES 38CM                           ;CHINA GOODLINK TRADING CO., LTD.                                                                    ;GRUPO 1                                                     ;387;UN ;4,53;1753,11;7699,3;
ONJ0110        ;FLOR ARTIFICIAL                                             ;CHINA GOODLINK TRADING CO., LTD.                                                                    ;GRUPO 1                                                     ;359;UN ;4,53;1626,27;6426,1;
ONJ0111        ;BQ FOLHAS MINI DE CAMPO MIX                                 ;CHINA GOODLINK TRADING CO., LTD.                                                                    ;GRUPO 1                                                     ;337;UN ;3,54;1192,98;6032,3;
ONJ0112        ;BQT.FOLHAS MINI DO CAMPO/EUCALIPTUS MX COR 45CM             ;CHINA GOODLINK TRADING CO., LTD.                                                                    ;GRUPO 1                                                     ;189;UN ;4,53;856,17;4139,1;
ONJ0113        ;HASTE EUCALIPTUS PO X3                                      ;CHINA GOODLINK TRADING CO., LTD.                                                                    ;GRUPO 1                                                     ;427;UN ;2,76;1178,52;7216,3;
ONJ0114        ;BQT. ASTIBLEOUT.CORES MX 45CM                               ;CHINA GOODLINK TRADING CO., LTD.                                                                    ;GRUPO 1                                                     ;167;UN ;4,13;689,71;3657,3;
ONJ0115        ;GALHO CRISANTEMO POMPOM COSMO 50CM                          ;CHINA GOODLINK TRADING CO., LTD.                                                                    ;GRUPO 1                                                     ;284;UN ;4,53;1286,52;5083,6;
ONJ0116        ;BQT EUCALIPTUS NAT. VD                                      ;CHINA GOODLINK TRADING CO., LTD.                                                                    ;GRUPO 1                                                     ;340;UN ;5,51;1873,4;8126;
ONJ0117        ;BQT SAMAMBAIA RENDA PORTUGUESA                              ;CHINA GOODLINK TRADING CO., LTD.                                                                    ;GRUPO 1                                                     ;108;UN ;7,87;849,96;3445,2;
ONJ0118        ;BQT.SAMAMBAIA MIX FOLHAS BOTAO 30CM                         ;CHINA GOODLINK TRADING CO., LTD.                                                                    ;GRUPO 1                                                     ;128;UN ;1,38;176,64;883,2;
ONJ0119        ;BQT. FOLHAS DE OREGANO VDTT 32CM                            ;CHINA GOODLINK TRADING CO., LTD.                                                                    ;GRUPO 1                                                     ;475;UN ;1,57;745,75;3752,5;
ONJ0120        ;HASTE GIPSOFILA                                             ;CHINA GOODLINK TRADING CO., LTD.                                                                    ;GRUPO 1                                                     ;343;UN ;2,56;878,08;3395,7;
ONJ0121        ;BQT PENDENTE FOLHAS OREGANO                                 ;CHINA GOODLINK TRADING CO., LTD.                                                                    ;GRUPO 1                                                     ;158;UN ;7,48;1181,84;4724,2;
ONJ0122        ;BQT. PENDENTE FOLHAS MINI                                   ;CHINA GOODLINK TRADING CO., LTD.                                                                    ;GRUPO 1                                                     ;65;UN ;3,15;204,75;838,5;
ONJ0123        ;BQT PENDENTE FOLHAS EUCALIPTUS MINI                         ;CHINA GOODLINK TRADING CO., LTD.                                                                    ;GRUPO 1                                                     ;440;UN ;3,15;1386;5676;
ONJ0124        ;BQT PENDENTE FOLHAS MINI                                    ;CHINA GOODLINK TRADING CO., LTD.                                                                    ;GRUPO 1                                                     ;306;UN ;3,54;1083,24;5171,4;
ONJ0125        ;BQT PENDENTE FOLHINHAS DE ALECRIM                           ;CHINA GOODLINK TRADING CO., LTD.                                                                    ;GRUPO 1                                                     ;161;UN ;6,89;1109,29;6423,9;
ONJ0136        ;FOLHA DE ORQUIDEA PHALAENOPSIS X5 26CM                      ;CHINA GOODLINK TRADING CO., LTD.                                                                    ;GRUPO 1                                                     ;218;UN ;4,13;900,34;3466,2;
ONJ0137MX      ;ORQUIDEA PHALAENOPSIS HASTE 72CM COLOR                      ;CHINA GOODLINK TRADING CO., LTD.                                                                    ;GRUPO 1                                                     ;60;UN ;5,71;342,6;1734;
ONJ0137        ;ORQUIDEA PHALAENOPSIS HASTE 72CM BR                         ;CHINA GOODLINK TRADING CO., LTD.                                                                    ;GRUPO 1                                                     ;85;UN ;5,71;485,35;2246,5;
ONJ0138        ;HASTE FOLHA COSTELA DE ADAO                                 ;CHINA GOODLINK TRADING CO., LTD.                                                                    ;GRUPO 1                                                     ;48;UN ;4,92;236,16;955,2;
ONJ0139        ;HASTE PRIMULAS X3 FOLHAS 76CM                               ;CHINA GOODLINK TRADING CO., LTD.                                                                    ;GRUPO 1                                                     ;128;UN ;3,94;504,32;1651,2;
ONJ0140MX      ;HASTE ROSA 50CM                                             ;CHINA GOODLINK TRADING CO., LTD.                                                                    ;GRUPO 1                                                     ;72;UN ;2,17;156,24;640,8;
ONJ0141MX      ;HASTER ORQUIDEAS CHUVA DE OURO 70CM                         ;CHINA GOODLINK TRADING CO., LTD.                                                                    ;GRUPO 1                                                     ;152;UN ;6,1;927,2;4544,8;
ONJ0142MX      ;HASTE CRISANTEMO POMPO X3 42CM                              ;CHINA GOODLINK TRADING CO., LTD.                                                                    ;GRUPO 1                                                     ;307;UN ;2,56;785,92;3039,3;
ONJ0169MX      ;HASTE MAGNOLIAFOLHAS 3D 50CM                                ;CHINA GOODLINK TRADING CO., LTD.                                                                    ;GRUPO 1                                                     ;115;UN ;9,45;1086,75;4588,5;
ONJ0143MX      ;HASTE MINI CRISANTEMO POMPO 64CM                            ;CHINA GOODLINK TRADING CO., LTD.                                                                    ;GRUPO 1                                                     ;296;UN ;4,53;1340,88;5594,4;
ONJ0144MX      ;BUQUE ROSAS DIANNA X7                                       ;CHINA GOODLINK TRADING CO., LTD.                                                                    ;GRUPO 1                                                     ;37;UN ;13,39;495,43;1846,3;
ONJ0145MX      ;BUQUE E PRIMULAS MX 32CM                                    ;CHINA GOODLINK TRADING CO., LTD.                                                                    ;GRUPO 1                                                     ;109;UN ;5,32;579,88;2169,1;
ONJ0146MX      ;BUQUE RANUNCULOS OUT. 32CM                                  ;CHINA GOODLINK TRADING CO., LTD.                                                                    ;GRUPO 1                                                     ;111;UN ;4,92;546,12;2208,9;
ONJ0147MX      ;HASTE ROSA ABERTA DIANNA 60CM                               ;CHINA GOODLINK TRADING CO., LTD.                                                                    ;GRUPO 1                                                     ;150;UN ;2,76;414;1785;
ONJ0148MX      ;FLORES ARTIFICIAL                                           ;CHINA GOODLINK TRADING CO., LTD.                                                                    ;GRUPO 1                                                     ;123;UN ;11,22;1380,06;4907,7;
ONJ0149        ;PLANTA ARTIFICIAL                                           ;CHINA GOODLINK TRADING CO., LTD.                                                                    ;GRUPO 1                                                     ;16;UN ;136,82;2189,12;11038,4;
ONJ0150        ;PLANTA ARTIFICIAL 140CM                                     ;CHINA GOODLINK TRADING CO., LTD.                                                                    ;GRUPO 1                                                     ;7;UN ;83,87;587,09;3492,3;
ONJ0151        ;PLANTA ARTIFICIAL                                           ;CHINA GOODLINK TRADING CO., LTD.                                                                    ;GRUPO 1                                                     ;22;UN ;69,89;1537,58;8775,8;
ONJ0152        ;ARVORE RADERMACHERA 180CM                                   ;CHINA GOODLINK TRADING CO., LTD.                                                                    ;GRUPO 1                                                     ;2;UN ;134,07;268,14;1739,8;
ONJ0153        ;PLANTA ARTIFICIAL                                           ;CHINA GOODLINK TRADING CO., LTD.                                                                    ;GRUPO 1                                                     ;9;UN ;90,76;816,84;5309,1;
ONJ0154        ;PLANTA ARTIFICIAL                                           ;CHINA GOODLINK TRADING CO., LTD.                                                                    ;GRUPO 1                                                     ;3;UN ;134,07;402,21;2696,7;
ONJ0155        ;ARBUSTO COSTELA DE ADAO C/TRONCO 110CM                      ;CHINA GOODLINK TRADING CO., LTD.                                                                    ;GRUPO 1                                                     ;17;UN ;55,91;950,47;6781,3;
ONJ0156        ;ARVORE COSTELA DE ADAO C/TRONCO 150CM                       ;CHINA GOODLINK TRADING CO., LTD.                                                                    ;GRUPO 1                                                     ;5;UN ;118,71;593,55;4349,5;
ONJ0126MX      ;JOGO DE  6 TACAS DE VIDRO COLOR BICO                        ;CHINA GOODLINK TRADING CO., LTD.                                                                    ;GRUPO 1                                                     ;43;UN ;59,82;2572,26;5155,7;
ONJ0126        ;JOGO DE 6 TACAS DE VIDRO TRANSPARENTE BICO                  ;CHINA GOODLINK TRADING CO., LTD.                                                                    ;GRUPO 1                                                     ;40;UN ;35,88;1435,2;2796;
ONJ0127MX      ;JOGO DE 6 TACAS DE VIDRO                                    ;CHINA GOODLINK TRADING CO., LTD.                                                                    ;GRUPO 1                                                     ;60;UN ;59,82;3589,2;7194;
ONJ0127        ;JOGO DE 6 TACAS DE VIDRO TRANS                              ;CHINA GOODLINK TRADING CO., LTD.                                                                    ;GRUPO 1                                                     ;198;UN ;35,88;7104,24;13840,2;
ONJ0128        ;XICARA BOROCILICATO PAREDE DUPLA C/FLORES 250ML             ;CHINA GOODLINK TRADING CO., LTD.                                                                    ;GRUPO 1                                                     ;88;UN ;15,15;1333,2;5271,2;
ONJ0129        ;TALHER                                                      ;CHINA GOODLINK TRADING CO., LTD.                                                                    ;GRUPO 1                                                     ;44;UN ;21,9;963,6;3955,6;
ONJ0130        ;TALHERES GARFO DE MESA                                      ;CHINA GOODLINK TRADING CO., LTD.                                                                    ;GRUPO 1                                                     ;67;UN ;21,9;1467,3;6023,3;
ONJ0131        ;TALHERES COLHER DE SOBREMESA                                ;CHINA GOODLINK TRADING CO., LTD.                                                                    ;GRUPO 1                                                     ;96;UN ;17,56;1685,76;6710,4;
ONJ0132        ;TALHERES GARFO DE SOBREMESA                                 ;CHINA GOODLINK TRADING CO., LTD.                                                                    ;GRUPO 1                                                     ;71;UN ;17,56;1246,76;4962,9;
ONJ0133        ;TALHERES COLHER DE CAFE                                     ;CHINA GOODLINK TRADING CO., LTD.                                                                    ;GRUPO 1                                                     ;63;UN ;15,98;1006,74;4403,7;
ONJ0134        ;TALHERES FACA DE MESA                                       ;CHINA GOODLINK TRADING CO., LTD.                                                                    ;GRUPO 1                                                     ;65;UN ;23,48;1526,2;6298,5;
ONJ135MX       ;GARRAFA PLASTICA TERMICA                                    ;CHINA GOODLINK TRADING CO., LTD.                                                                    ;GRUPO 1                                                     ;24;UN ;26,88;645,12;2117,61;
ONJ0157MX      ;LUGAR  AMERICANO REDONDO                                    ;CHINA GOODLINK TRADING CO., LTD.                                                                    ;GRUPO 1                                                     ;1308;UN ;2,95;3858,6;18181,2;
ONJ0158MX      ;LUGAR AMERICANO RETANGULAR DAISY FLW                        ;CHINA GOODLINK TRADING CO., LTD.                                                                    ;GRUPO 1                                                     ;152;UN ;3,18;483,36;2568,8;
ONJ0159MX      ;LUGAR AMERICANO REDONDO BARRA POA                           ;CHINA GOODLINK TRADING CO., LTD.                                                                    ;GRUPO 1                                                     ;201;UN ;5,45;1095,45;4221;
ONJ0135MX      ;GARRAFA TERMICA CABO MAD. 1L                                ;CHINA GOODLINK TRADING CO., LTD.                                                                    ;GRUPO 1                                                     ;104;UN ;26,88;2795,52;9028,7;
ONJ0034M       ;CESTA DECORATIVA EM RATTAN M                                ;CHINA GOODLINK TRADING CO., LTD.                                                                    ;GRUPO 1                                                     ;5;UN ;60;300;1949,5;
ONJ0034G       ;CESTA DECORATIVA EM RATTAN G                                ;CHINA GOODLINK TRADING CO., LTD.                                                                    ;GRUPO 1                                                     ;1;UN ;90;90;469,9;
ONJ0031M       ;CESTA DECORATIVA EM RATTAN M                                ;CHINA GOODLINK TRADING CO., LTD.                                                                    ;GRUPO 1                                                     ;20;UN ;10,47;209,4;1398;
ONJ0031G       ;CESTA DECORATIVA EM RATTAN G                                ;CHINA GOODLINK TRADING CO., LTD.                                                                    ;GRUPO 1                                                     ;26;UN ;5,23;135,98;2337,4;
ONJ0032M       ;CESTA DECORATIVA EM RATTAN M                                ;CHINA GOODLINK TRADING CO., LTD.                                                                    ;GRUPO 1                                                     ;23;UN ;12,82;294,86;1837,7;
ONJ0032G       ;CESTA DECORATIVA EM RATTAN G                                ;CHINA GOODLINK TRADING CO., LTD.                                                                    ;GRUPO 1                                                     ;24;UN ;19,23;461,52;2325,6;
ONJ0027M       ;CESTA DECORATIVA EM RATTAN M                                ;CHINA GOODLINK TRADING CO., LTD.                                                                    ;GRUPO 1                                                     ;15;UN ;18,52;277,8;1198,5;
ONJ0027G       ;CESTA DECORATIVA EM RATTAN G                                ;CHINA GOODLINK TRADING CO., LTD.                                                                    ;GRUPO 1                                                     ;13;UN ;68,18;886,34;1259,7;
ONJ0028G       ;CESTA DECORATIVA EM RATTAN G                                ;CHINA GOODLINK TRADING CO., LTD.                                                                    ;GRUPO 1                                                     ;28;UN ;20,94;586,32;2517,2;
ONJ0033M       ;CESTA NATURAL DECORATIVA M                                  ;CHINA GOODLINK TRADING CO., LTD.                                                                    ;GRUPO 1                                                     ;2;UN ;73,75;147,5;997,8;
ONJ0033G       ;CESTA NATURAL DECORATIVA G                                  ;CHINA GOODLINK TRADING CO., LTD.                                                                    ;GRUPO 1                                                     ;2;UN ;110,63;221,26;1397,8;
ONJ0074M       ;CESTA DECORATIVA EM FIBRA NATURAL M                         ;CHINA GOODLINK TRADING CO., LTD.                                                                    ;GRUPO 1                                                     ;8;UN ;54,76;438,08;2319,2;
ONJ0074G       ;CESTA DECORATIVA EM FIBRA NATURAL G                         ;CHINA GOODLINK TRADING CO., LTD.                                                                    ;GRUPO 1                                                     ;9;UN ;82,14;739,26;3509,1;
ONJ0076MXM     ;CESTA DECORATIVA EM FIBRA NATURAL M                         ;CHINA GOODLINK TRADING CO., LTD.                                                                    ;GRUPO 1                                                     ;7;UN ;21,4;149,8;1189,3;
ONJ0076MXG     ;CESTA DECORATIVA EM FIBRA NATURAL G                         ;CHINA GOODLINK TRADING CO., LTD.                                                                    ;GRUPO 1                                                     ;36;UN ;32,11;1155,96;6836,4;
ONJ0075M       ;CESTA DECORATIVA EM FIBRA NATURAL M                         ;CHINA GOODLINK TRADING CO., LTD.                                                                    ;GRUPO 1                                                     ;8;UN ;54,76;438,08;2319,2;
ONJ0075G       ;CESTA DECORATIVA EM FIBRA NATURAL G                         ;CHINA GOODLINK TRADING CO., LTD.                                                                    ;GRUPO 1                                                     ;8;UN ;82,14;657,12;3119,2;
ONJ0077MXM     ;CESTA DECORATIVA EM FIBRA NATURAL M                         ;CHINA GOODLINK TRADING CO., LTD.                                                                    ;GRUPO 1                                                     ;14;UN ;21,88;306,32;2378,6;
ONJ0077MXG     ;CESTA DECORATIVA EM FIBRA NATURAL G                         ;CHINA GOODLINK TRADING CO., LTD.                                                                    ;GRUPO 1                                                     ;22;UN ;32,82;722,04;4177,8;
ONJ0104        ;GALHO SAMANBAIA JAMAICANA 140CM                             ;CHINA GOODLINK TRADING CO., LTD.                                                                    ;GRUPO 1                                                     ;25;UN ;13,98;349,5;1747,5;
ONJ0036M       ;VASO CERAMICA ESMALTADO MD 17X23CM                          ;CHINA GOODLINK TRADING CO., LTD.                                                                    ;GRUPO 1                                                     ;5;UN ;39,26;196,3;949,5;
ONJ0037G       ;VASO CERAMICA ESMALTADO GD 20X27CM                          ;CHINA GOODLINK TRADING CO., LTD.                                                                    ;GRUPO 1                                                     ;1;UN ;58,9;58,9;298,9;
ONJ0038M       ;VASO CERAMICA ESMALTADO MD 17X23CM                          ;CHINA GOODLINK TRADING CO., LTD.                                                                    ;GRUPO 1                                                     ;1;UN ;39,26;39,26;189,9;
ONJ0039M       ;VASO CERAMICA ESMALTADO MD 17X23CM                          ;CHINA GOODLINK TRADING CO., LTD.                                                                    ;GRUPO 1                                                     ;2;UN ;39,26;78,52;379,8;
ONJ0041M       ;CACHEPOT GARDEN MD 16X18X18CM                               ;CHINA GOODLINK TRADING CO., LTD.                                                                    ;GRUPO 1                                                     ;7;UN ;37,46;262,22;1329,3;
ONJ0041G       ;CACHEPOT GARDEN GD 20X22X22CM                               ;CHINA GOODLINK TRADING CO., LTD.                                                                    ;GRUPO 1                                                     ;7;UN ;56,19;393,33;2029,3;
ONJ0042M       ;CACHEPOT GARDEN MD 16X18X18CM                               ;CHINA GOODLINK TRADING CO., LTD.                                                                    ;GRUPO 1                                                     ;1;UN ;37,46;37,46;189,9;
ONJ0043M       ;CACHEPOT GARDEN MD 16X18X18CM                               ;CHINA GOODLINK TRADING CO., LTD.                                                                    ;GRUPO 1                                                     ;4;UN ;37,46;149,84;759,6;
ONJ0044M       ;CACHEPOT GARDEN MD 16X18X18CM                               ;CHINA GOODLINK TRADING CO., LTD.                                                                    ;GRUPO 1                                                     ;2;UN ;37,46;74,92;379,8;
ONJ0044G       ;CACHEPOT GARDEN GD 20X22X22CM                               ;CHINA GOODLINK TRADING CO., LTD.                                                                    ;GRUPO 1                                                     ;1;UN ;56,19;56,19;289,9;
ONJ0047M       ;VASO CERAMICA ESMALTADO MD 33X31CM                          ;CHINA GOODLINK TRADING CO., LTD.                                                                    ;GRUPO 1                                                     ;1;UN ;91,27;91,27;398,9;
ONJ0049M       ;VASO CERAMICA ESMALTADO MD 37X32CM                          ;CHINA GOODLINK TRADING CO., LTD.                                                                    ;GRUPO 1                                                     ;2;UN ;91,27;182,54;779,8;
ONJ0049G       ;VASO CERAMICA ESMALTADO GD 40X40CM                          ;CHINA GOODLINK TRADING CO., LTD.                                                                    ;GRUPO 1                                                     ;1;UN ;136,9;136,9;589,9;
ONJ0050M       ;VASO CERAMICA ESMALTADO MD 43X32CM                          ;CHINA GOODLINK TRADING CO., LTD.                                                                    ;GRUPO 1                                                     ;2;UN ;100,41;200,82;1179,8;
ONJ0050G       ;VASO CERAMICA ESMALTADO GD 47X40CM                          ;CHINA GOODLINK TRADING CO., LTD.                                                                    ;GRUPO 1                                                     ;1;UN ;150,62;150,62;789,9;
ONJ0127AV      ;TACA DE VIDRO TRANSP.                                       ;CHINA GOODLINK TRADING CO., LTD.                                                                    ;GRUPO 1                                                     ;20;UN ;5,98;119,6;233;
ONJ0127MXAV    ;TACA DE VIDRO DIAMOND                                       ;CHINA GOODLINK TRADING CO., LTD.                                                                    ;GRUPO 1                                                     ;7;UN ;0;0;139,93;
ONJ0128AV      ;XICARA BOROCILICATO PAREDE DUPLA C/FLORES 250ML             ;CHINA GOODLINK TRADING CO., LTD.                                                                    ;GRUPO 1                                                     ;1;UN ;0;0;29,9;
ONJ0175        ;BAU DECORATIVO G                                            ;CHINA GOODLINK TRADING CO., LTD.                                                                    ;GRUPO 1                                                     ;3;UN ;41,1;123,3;719,7;
ONJ0176        ;MALA DECORATIVA G                                           ;CHINA GOODLINK TRADING CO., LTD.                                                                    ;GRUPO 1                                                     ;1;UN ;68,5;68,5;389,9;
ONJ0178        ;MALA VINHO DECORATIVO                                       ;CHINA GOODLINK TRADING CO., LTD.                                                                    ;GRUPO 1                                                     ;4;UN ;27,4;109,6;559,6;
ONJ0187        ;CAIXA LIVRO DECORATIVO G                                    ;CHINA GOODLINK TRADING CO., LTD.                                                                    ;GRUPO 1                                                     ;4;UN ;46,57;186,28;1159,6;
ONJ0188        ;CAIXA LIVRO DECORATIVO 3 GAVETAS                            ;CHINA GOODLINK TRADING CO., LTD.                                                                    ;GRUPO 1                                                     ;4;UN ;52,06;208,24;1279,6;
ONJ0190        ;CAIXA LIVRO DECORATIVO G                                    ;CHINA GOODLINK TRADING CO., LTD.                                                                    ;GRUPO 1                                                     ;1;UN ;51,37;51,37;369,9;
ONJ0194        ;CAIXA LIVRO DECORATIVO G                                    ;CHINA GOODLINK TRADING CO., LTD.                                                                    ;GRUPO 1                                                     ;4;UN ;32,88;131,52;879,6;
ONJ0200        ;ESCULTURA ASTROLABIO C/ESFERA 35CM                          ;CHINA GOODLINK TRADING CO., LTD.                                                                    ;GRUPO 1                                                     ;1;UN ;116,45;116,45;589,9;
ONJ0201        ;ESCULTURA ARVORE VIDA 60CM                                  ;CHINA GOODLINK TRADING CO., LTD.                                                                    ;GRUPO 1                                                     ;1;UN ;205,5;205,5;1189,9;
ONJ0202        ;ESCULTURA ARVORE VIDA 50CM                                  ;CHINA GOODLINK TRADING CO., LTD.                                                                    ;GRUPO 1                                                     ;1;UN ;178,1;178,1;889,9;
ONJ0203        ;SUPORTE PESO DECOR 13X13CM                                  ;CHINA GOODLINK TRADING CO., LTD.                                                                    ;GRUPO 1                                                     ;2;UN ;52,06;104,12;539,8;
ONJ0204        ;AMPULHETA DECOR 32CM                                        ;CHINA GOODLINK TRADING CO., LTD.                                                                    ;GRUPO 1                                                     ;1;UN ;93,16;93,16;469,9;
ONJ0208        ;VASO RELEVO RETO RESINA 50CM                                ;CHINA GOODLINK TRADING CO., LTD.                                                                    ;GRUPO 1                                                     ;1;UN ;161,52;161,52;798,9;
ONJ0209        ;ESCULTURA ASTROLABIO 30CM                                   ;CHINA GOODLINK TRADING CO., LTD.                                                                    ;GRUPO 1                                                     ;2;UN ;131,52;263,04;1379,8;
ONJ0210        ;GLOBO MUNDO DECOR 40CM                                      ;CHINA GOODLINK TRADING CO., LTD.                                                                    ;GRUPO 1                                                     ;2;UN ;109,06;218,12;1179,8;
ONJ0212        ;AMPULHETA DECOR 33CM                                        ;CHINA GOODLINK TRADING CO., LTD.                                                                    ;GRUPO 1                                                     ;3;UN ;93,16;279,48;1409,7;
ONJ0213        ;ESCULTURA METAL RELOGIO 32CM                                ;CHINA GOODLINK TRADING CO., LTD.                                                                    ;GRUPO 1                                                     ;5;UN ;134,26;671,3;3449,5;
ONJ0214        ;GLOBO MUNDO DECOR 30CM                                      ;CHINA GOODLINK TRADING CO., LTD.                                                                    ;GRUPO 1                                                     ;3;UN ;98,64;295,92;1469,7;
ONJ0215        ;GLOBO MUNDO DECOR 35CM                                      ;CHINA GOODLINK TRADING CO., LTD.                                                                    ;GRUPO 1                                                     ;3;UN ;102,75;308,25;1709,7;
ONJ0218        ;ESCULTURA RELOGIO 22CM                                      ;CHINA GOODLINK TRADING CO., LTD.                                                                    ;GRUPO 1                                                     ;1;UN ;130,15;130,15;689,9;
ONJ0222        ;GARRAFA SLIM METAL DECORATIVO                               ;CHINA GOODLINK TRADING CO., LTD.                                                                    ;GRUPO 1                                                     ;1;UN ;75,35;75,35;489,9;
ONJ0223        ;GARRAFA SLIM METAL DECORATIVO                               ;CHINA GOODLINK TRADING CO., LTD.                                                                    ;GRUPO 1                                                     ;2;UN ;102,75;205,5;1179,8;
ONJ0224        ;GARRAFA SLIM METAL DECORATIVO                               ;CHINA GOODLINK TRADING CO., LTD.                                                                    ;GRUPO 1                                                     ;2;UN ;130,17;260,34;1379,8;
ONJ0252        ;ESCULTURA METAL CARRO VINTAGE                               ;CHINA GOODLINK TRADING CO., LTD.                                                                    ;GRUPO 1                                                     ;1;UN ;89,05;89,05;489,9;
ONJ0254        ;ESCULTURA METAL CARRO VINTAGE                               ;CHINA GOODLINK TRADING CO., LTD.                                                                    ;GRUPO 1                                                     ;1;UN ;75,38;75,38;399,8;
ONJ0255        ;ESCULTURA METAL AVIï¿½O VINTAGE                               ;CHINA GOODLINK TRADING CO., LTD.                                                                    ;GRUPO 1                                                     ;2;UN ;38,36;76,72;639,8;
ONJ0256        ;ESCULTURA WOOD CARRO                                        ;CHINA GOODLINK TRADING CO., LTD.                                                                    ;GRUPO 1                                                     ;3;UN ;63,02;189,06;1169,7;
ONJ0257        ;ESCULTURA WOOD MOTOCICLETA                                  ;CHINA GOODLINK TRADING CO., LTD.                                                                    ;GRUPO 1                                                     ;3;UN ;53,43;160,29;869,7;
ONJ0260        ;ESCULTURA WOOD AVIï¿½O                                        ;CHINA GOODLINK TRADING CO., LTD.                                                                    ;GRUPO 1                                                     ;2;UN ;53,43;106,86;579,8;
ONJ0261        ;ESCULTURA CABINE TELEFONICA                                 ;CHINA GOODLINK TRADING CO., LTD.                                                                    ;GRUPO 1                                                     ;1;UN ;31,51;31,51;159,9;
ONJ0263        ;VASO DECORATIVO                                             ;CHINA GOODLINK TRADING CO., LTD.                                                                    ;GRUPO 1                                                     ;1;UN ;105,49;105,49;598,9;
ONJ0268        ;POTICHE DECORATIVO                                          ;CHINA GOODLINK TRADING CO., LTD.                                                                    ;GRUPO 1                                                     ;2;UN ;72,61;145,22;739,8;
ONJ0269        ;POTICHE DECORATIVO                                          ;CHINA GOODLINK TRADING CO., LTD.                                                                    ;GRUPO 1                                                     ;4;UN ;58,91;235,64;1279,6;
ONJ0271        ;CACHEPOT DECORATIVO                                         ;CHINA GOODLINK TRADING CO., LTD.                                                                    ;GRUPO 1                                                     ;3;UN ;24,66;73,98;389,7;
ONJ0273        ;CACHEPOT DECORATIVO                                         ;CHINA GOODLINK TRADING CO., LTD.                                                                    ;GRUPO 1                                                     ;9;UN ;30,14;271,26;1529,1;
ONJ0274        ;CACHEPOT DECORATIVO                                         ;CHINA GOODLINK TRADING CO., LTD.                                                                    ;GRUPO 1                                                     ;7;UN ;49,32;345,24;1679,3;
ONJ0275        ;CACHEPOT DECORATIVO                                         ;CHINA GOODLINK TRADING CO., LTD.                                                                    ;GRUPO 1                                                     ;6;UN ;65,76;394,56;2339,4;
ONJ0276        ;VASO DECORATIVO                                             ;CHINA GOODLINK TRADING CO., LTD.                                                                    ;GRUPO 1                                                     ;2;UN ;75,35;150,7;779,8;
ONJ0277        ;VASO DECORATIVO                                             ;CHINA GOODLINK TRADING CO., LTD.                                                                    ;GRUPO 1                                                     ;2;UN ;61,65;123,3;639,8;
ONJ0279        ;VASO DECORATIVO                                             ;CHINA GOODLINK TRADING CO., LTD.                                                                    ;GRUPO 1                                                     ;2;UN ;61,65;123,3;639,8;
ONJ0282        ;POTICHE DECORATIVO                                          ;CHINA GOODLINK TRADING CO., LTD.                                                                    ;GRUPO 1                                                     ;1;UN ;52,06;52,06;179,9;
ONJ0283        ;POTICHE DECORATIVO                                          ;CHINA GOODLINK TRADING CO., LTD.                                                                    ;GRUPO 1                                                     ;1;UN ;61,65;61,65;298,9;
ONJ0284        ;POTICHE DECORATIVO                                          ;CHINA GOODLINK TRADING CO., LTD.                                                                    ;GRUPO 1                                                     ;1;UN ;75,35;75,35;389,9;
ONJ0286        ;CACHEPOT DECORATIVO                                         ;CHINA GOODLINK TRADING CO., LTD.                                                                    ;GRUPO 1                                                     ;1;UN ;106,86;106,86;589,9;
ONJ0290        ;KIT DISPENSER COZINHA VD                                    ;CHINA GOODLINK TRADING CO., LTD.                                                                    ;GRUPO 1                                                     ;1;UN ;118,8;118,8;629,9;
ONJ0293        ;KIT DISPENSER COZINHA BEGE                                  ;CHINA GOODLINK TRADING CO., LTD.                                                                    ;GRUPO 1                                                     ;1;UN ;106,86;106,86;539,9;
ONJ0294        ;HASTE EUCALIPTUS MIX COLOR                                  ;CHINA GOODLINK TRADING CO., LTD.                                                                    ;GRUPO 1                                                     ;30;UN ;8,91;267,3;1197;
ONJ0295        ;BQT. CRISANTEMO POMPO OUT. MIX COLOR                        ;CHINA GOODLINK TRADING CO., LTD.                                                                    ;GRUPO 1                                                     ;46;UN ;11,65;535,9;1835,4;
ONJ0296        ;HASTE EUCALIPTUS PREMIUM                                    ;CHINA GOODLINK TRADING CO., LTD.                                                                    ;GRUPO 1                                                     ;133;UN ;7,53;1001,49;3976,7;
ONJ0312        ;HASTE STRELITZIA 90CM                                       ;CHINA GOODLINK TRADING CO., LTD.                                                                    ;GRUPO 1                                                     ;4;UN ;10,27;41,08;199,6;
ONJ0314        ;HASTE ORQUIDEA LAELIA 80CM                                  ;CHINA GOODLINK TRADING CO., LTD.                                                                    ;GRUPO 1                                                     ;19;UN ;15,75;299,25;1328,1;
ONJ0315        ;HASTE ORQUIDEA CYMBYNDIUM 70CM                              ;CHINA GOODLINK TRADING CO., LTD.                                                                    ;GRUPO 1                                                     ;20;UN ;16,44;328,8;1398;
ONJ0316        ;HASTE MAGNOLIA 100CM                                        ;CHINA GOODLINK TRADING CO., LTD.                                                                    ;GRUPO 1                                                     ;2;UN ;21,92;43,84;179,8;
ONJ0317        ;FOOHA DE ORQUIDEA CYMBINDIUM 55CM                           ;CHINA GOODLINK TRADING CO., LTD.                                                                    ;GRUPO 1                                                     ;13;UN ;6,16;80,08;518,7;
ONJ0318        ;BQT.HORTENSIAS MIX COLOR 45CM                               ;CHINA GOODLINK TRADING CO., LTD.                                                                    ;GRUPO 1                                                     ;29;UN ;15,75;456,75;2027,1;
ONJ0319        ;HASTE AMARILIS 68CM                                         ;CHINA GOODLINK TRADING CO., LTD.                                                                    ;GRUPO 1                                                     ;8;UN ;9,59;76,72;319,2;
ONJ0320        ;HASTE FLOR DE PESSEGUEIRO 108CM                             ;CHINA GOODLINK TRADING CO., LTD.                                                                    ;GRUPO 1                                                     ;18;UN ;5,76;103,68;538,2;
ONJ0321        ;HASTE LISIANTHUS MIX COLOR 65CM                             ;CHINA GOODLINK TRADING CO., LTD.                                                                    ;GRUPO 1                                                     ;3;UN ;5,34;16,02;74,7;
ONJ0322        ;GALHO EUCALIPTUS 85CM                                       ;CHINA GOODLINK TRADING CO., LTD.                                                                    ;GRUPO 1                                                     ;23;UN ;7,53;173,19;871,7;
ONJ0323        ;HASTE ORQUIDEA LAELIA 90CM                                  ;CHINA GOODLINK TRADING CO., LTD.                                                                    ;GRUPO 1                                                     ;8;UN ;8,91;71,28;319,2;
ONJ0324        ;CACHEPOT DECOR PISO G                                       ;CHINA GOODLINK TRADING CO., LTD.                                                                    ;GRUPO 1                                                     ;1;UN ;113,02;113,02;589,9;
ONJ0325        ;CACHEPOT DECOR PISO G                                       ;CHINA GOODLINK TRADING CO., LTD.                                                                    ;GRUPO 1                                                     ;1;UN ;167,82;167,82;798,9;
ONJ0327        ;CACHEPOT DECOR PISO G                                       ;CHINA GOODLINK TRADING CO., LTD.                                                                    ;GRUPO 1                                                     ;1;UN ;67,14;67,14;389,9;
ONJ0342        ;CACHEPOT DECOR PISO G                                       ;CHINA GOODLINK TRADING CO., LTD.                                                                    ;GRUPO 1                                                     ;1;UN ;113;113;589,9;
ONJ0353        ;RELOGIO DECOR PREMIUM PAREDE 80CM                           ;CHINA GOODLINK TRADING CO., LTD.                                                                    ;GRUPO 1                                                     ;1;UN ;368,53;368,53;2389,9;
ONJ0357        ;RELOGIO DECOR PREMIUM PAREDE 55CM                           ;CHINA GOODLINK TRADING CO., LTD.                                                                    ;GRUPO 1                                                     ;1;UN ;306,88;306,88;1889,9;
ONJ0358        ;RELOGIO DECOR PREMIUM PAREDE 75CM                           ;CHINA GOODLINK TRADING CO., LTD.                                                                    ;GRUPO 1                                                     ;1;UN ;312,36;312,36;1889,9;
ONJ0359        ;RELOGIO DECOR PREMIUM PAREDE 80CM                           ;CHINA GOODLINK TRADING CO., LTD.                                                                    ;GRUPO 1                                                     ;2;UN ;437,03;874,06;5379,8;
ONJ0363        ;RELOGIO DECOR PREMIUM COM PE 57CM                           ;CHINA GOODLINK TRADING CO., LTD.                                                                    ;GRUPO 1                                                     ;1;UN ;231,53;231,53;1289,9;
ONJ0370        ;CENTRO DE MESA 35CM                                         ;CHINA GOODLINK TRADING CO., LTD.                                                                    ;GRUPO 1                                                     ;1;UN ;93,16;93,16;489,9;
ONJ0377        ;VASO  DECOR 27CM                                            ;CHINA GOODLINK TRADING CO., LTD.                                                                    ;GRUPO 1                                                     ;1;UN ;79,46;79,46;469,9;
ONJ0378        ;VASO  DECOR 21CM                                            ;CHINA GOODLINK TRADING CO., LTD.                                                                    ;GRUPO 1                                                     ;2;UN ;65,78;131,56;859,8;
ONJ0379        ;VASO  DECOR 25CM                                            ;CHINA GOODLINK TRADING CO., LTD.                                                                    ;GRUPO 1                                                     ;2;UN ;79,96;159,92;979,8;
ONJ0380        ;VASO  DECOR 20CM                                            ;CHINA GOODLINK TRADING CO., LTD.                                                                    ;GRUPO 1                                                     ;5;UN ;79,46;397,3;1994,5;
ONJ0381        ;VASO  DECOR 24CM                                            ;CHINA GOODLINK TRADING CO., LTD.                                                                    ;GRUPO 1                                                     ;5;UN ;93,16;465,8;2349,5;
ONJ0382        ;VASO  DECOR 20CM                                            ;CHINA GOODLINK TRADING CO., LTD.                                                                    ;GRUPO 1                                                     ;5;UN ;79,46;397,3;1994,5;
ONJ0170        ;VASO ESCUTURA RESINA LONGO 40CM                             ;CHINA GOODLINK TRADING CO., LTD.                                                                    ;GRUPO 1                                                     ;5;UN ;61,65;308,25;1949,5;
ONJ0171        ;VASO ESCUTUR RESINA BAIXO 30CM                              ;CHINA GOODLINK TRADING CO., LTD.                                                                    ;GRUPO 1                                                     ;7;UN ;47,95;335,65;1889,3;
ONJ0172        ;VASO RELEVO RETO RESINA 41CM                                ;CHINA GOODLINK TRADING CO., LTD.                                                                    ;GRUPO 1                                                     ;1;UN ;54,8;54,8;289,9;
ONJ0174        ;VASO RELEVO RETO RESINA 50CM                                ;CHINA GOODLINK TRADING CO., LTD.                                                                    ;GRUPO 1                                                     ;2;UN ;19,18;38,36;193,6;
ONJ0225        ;ESCULTURA PREMIUM ELEFANTE                                  ;CHINA GOODLINK TRADING CO., LTD.                                                                    ;GRUPO 1                                                     ;3;UN ;133,58;400,74;2069,7;
ONJ0226        ;ESCULTURA PREMIUM CAVALO                                    ;CHINA GOODLINK TRADING CO., LTD.                                                                    ;GRUPO 1                                                     ;6;UN ;123,3;739,8;4139,4;
ONJ0228        ;ESCULTURA PREMIUM CAVALO                                    ;CHINA GOODLINK TRADING CO., LTD.                                                                    ;GRUPO 1                                                     ;11;UN ;63,02;693,22;4288,9;
ONJ0233        ;ESCULTURA PREMIUM CAVALO                                    ;CHINA GOODLINK TRADING CO., LTD.                                                                    ;GRUPO 1                                                     ;6;UN ;212,35;1274,1;10139,4;
ONJ0234        ;ESCULTURA PREMIUM CAVALO                                    ;CHINA GOODLINK TRADING CO., LTD.                                                                    ;GRUPO 1                                                     ;6;UN ;794,6;4767,6;26339,4;
ONJ0237        ;ESCULTURA DAMA DA JUSTIï¿½A 38CM                              ;CHINA GOODLINK TRADING CO., LTD.                                                                    ;GRUPO 1                                                     ;1;UN ;43,84;43,84;319,9;
ONJ0238        ;ESCULTURA GATINHOS 13CM                                     ;CHINA GOODLINK TRADING CO., LTD.                                                                    ;GRUPO 1                                                     ;4;UN ;30,14;120,56;639,6;
ONJ0239        ;ESCULTURA GATINHOS 13CM                                     ;CHINA GOODLINK TRADING CO., LTD.                                                                    ;GRUPO 1                                                     ;2;UN ;30,14;60,28;319,8;
ONJ0240        ;ESCULTURA ELEFANTE                                          ;CHINA GOODLINK TRADING CO., LTD.                                                                    ;GRUPO 1                                                     ;4;UN ;31,51;126,04;759,6;
ONJ0242        ;ESCULTURA GIRAFA                                            ;CHINA GOODLINK TRADING CO., LTD.                                                                    ;GRUPO 1                                                     ;3;UN ;41,1;123,3;719,7;
ONJ0384        ;VASO  DECOR 20CM                                            ;CHINA GOODLINK TRADING CO., LTD.                                                                    ;GRUPO 1                                                     ;3;UN ;79,46;238,38;1196,7;
ONJ0385        ;VASO  DECOR 39CM                                            ;CHINA GOODLINK TRADING CO., LTD.                                                                    ;GRUPO 1                                                     ;2;UN ;120,56;241,12;1379,8;
ONJ0386        ;VASO  DECOR 30CM                                            ;CHINA GOODLINK TRADING CO., LTD.                                                                    ;GRUPO 1                                                     ;1;UN ;106,86;106,86;589,9;
ONJ0387        ;VASO  DECOR 18CM                                            ;CHINA GOODLINK TRADING CO., LTD.                                                                    ;GRUPO 1                                                     ;2;UN ;106,86;213,72;1179,8;
ONJ0388        ;VASO  DECOR 10CM                                            ;CHINA GOODLINK TRADING CO., LTD.                                                                    ;GRUPO 1                                                     ;12;UN ;38,36;460,32;2278,8;
ONJ0389        ;VASO  DECOR 15CM                                            ;CHINA GOODLINK TRADING CO., LTD.                                                                    ;GRUPO 1                                                     ;8;UN ;52,06;416,48;2319,2;
ONJ0390        ;VASO  DECOR 10CM                                            ;CHINA GOODLINK TRADING CO., LTD.                                                                    ;GRUPO 1                                                     ;4;UN ;38,36;153,44;759,6;
ONJ0391        ;VASO  DECOR 15CM                                            ;CHINA GOODLINK TRADING CO., LTD.                                                                    ;GRUPO 1                                                     ;2;UN ;52,06;104,12;597,8;
ONJ0407        ;CENTRO DE MESA 46CM                                         ;CHINA GOODLINK TRADING CO., LTD.                                                                    ;GRUPO 1                                                     ;1;UN ;202,76;202,76;1189,9;
ONJ0410        ;CENTRO DE MESA 69CM                                         ;CHINA GOODLINK TRADING CO., LTD.                                                                    ;GRUPO 1                                                     ;1;UN ;216,26;216,26;1369,9;
ONJ0412        ;VASO  DECOR 35CM                                            ;CHINA GOODLINK TRADING CO., LTD.                                                                    ;GRUPO 1                                                     ;2;UN ;134,26;268,52;1379,8;
ONJ0419        ;CENTRO DE MESA 40CM                                         ;CHINA GOODLINK TRADING CO., LTD.                                                                    ;GRUPO 1                                                     ;1;UN ;175,36;175,36;889,9;
ONJ0421        ;CENTRO DE MESA 53CM                                         ;CHINA GOODLINK TRADING CO., LTD.                                                                    ;GRUPO 1                                                     ;1;UN ;230,16;230,16;1189,9;
ONJ0422        ;CENTRO DE MESA 56CM                                         ;CHINA GOODLINK TRADING CO., LTD.                                                                    ;GRUPO 1                                                     ;2;UN ;230,16;460,32;2379,8;
ONJ0426        ;VASO  DECOR 29CM                                            ;CHINA GOODLINK TRADING CO., LTD.                                                                    ;GRUPO 1                                                     ;1;UN ;93,16;93,16;489,9;
ONJ0428        ;VASO  DECOR 29CM                                            ;CHINA GOODLINK TRADING CO., LTD.                                                                    ;GRUPO 1                                                     ;4;UN ;93,16;372,64;1959,6;
ONJ0429        ;VASO  DECOR 23CM                                            ;CHINA GOODLINK TRADING CO., LTD.                                                                    ;GRUPO 1                                                     ;7;UN ;79,46;556,22;2792,3;
ONJ0434        ;CENTRO DE MESA 69CM DR                                      ;CHINA GOODLINK TRADING CO., LTD.                                                                    ;GRUPO 1                                                     ;1;UN ;312,36;312,36;1689,9;
ONJ0442        ;VASO METAL 98CM                                             ;CHINA GOODLINK TRADING CO., LTD.                                                                    ;GRUPO 1                                                     ;2;UN ;108,23;216,46;1179,8;
ONJ0443        ;VASO METAL 64CM                                             ;CHINA GOODLINK TRADING CO., LTD.                                                                    ;GRUPO 1                                                     ;1;UN ;64,39;64,39;329,9;
ONJ0444        ;VASO METAL 77CM                                             ;CHINA GOODLINK TRADING CO., LTD.                                                                    ;GRUPO 1                                                     ;2;UN ;79,46;158,92;779,8;
ONJ0445        ;VASO METAL 91CM                                             ;CHINA GOODLINK TRADING CO., LTD.                                                                    ;GRUPO 1                                                     ;1;UN ;89,05;89,05;489,9;
ONJ0446        ;VASO METAL 100CM                                            ;CHINA GOODLINK TRADING CO., LTD.                                                                    ;GRUPO 1                                                     ;1;UN ;108,23;108,23;589,9;
ONJ0450        ;VASO METAL 63CM                                             ;CHINA GOODLINK TRADING CO., LTD.                                                                    ;GRUPO 1                                                     ;1;UN ;64,39;64,39;389,9;
ONJ0452        ;VASO METAL 86CM                                             ;CHINA GOODLINK TRADING CO., LTD.                                                                    ;GRUPO 1                                                     ;1;UN ;89,05;89,05;489,9;
ONJ0453        ;VASO METAL 42CM                                             ;CHINA GOODLINK TRADING CO., LTD.                                                                    ;GRUPO 1                                                     ;2;UN ;52,06;104,12;597,8;
ONJ0454        ;VASO METAL 52CM                                             ;CHINA GOODLINK TRADING CO., LTD.                                                                    ;GRUPO 1                                                     ;2;UN ;64,39;128,78;679,8;
ONJ0160        ;ESCULTURA PAREDE A6755 60X110CM                             ;CHINA GOODLINK TRADING CO., LTD.                                                                    ;GRUPO 1                                                     ;3;UN ;184,95;554,85;2909,7;
ONJ0162        ;ESCULTURA PAREDE AH2321 70X150CM                            ;CHINA GOODLINK TRADING CO., LTD.                                                                    ;GRUPO 1                                                     ;1;UN ;294,55;294,55;1689,9;
ONJ0165        ;ESCULTURA PAREDE A820 59,5X118CM                            ;CHINA GOODLINK TRADING CO., LTD.                                                                    ;GRUPO 1                                                     ;3;UN ;164,4;493,2;2909,7;
ONJ0413        ;VASO  DECOR 28CM                                            ;CHINA GOODLINK TRADING CO., LTD.                                                                    ;GRUPO 1                                                     ;1;UN ;106,86;106,86;589,9;
ONJ0342P       ;CACHEPOT DECOR PISO P                                       ;CHINA GOODLINK TRADING CO., LTD.                                                                    ;GRUPO 1                                                     ;2;UN ;37,65;75,3;579,8;
ONJ0328M       ;CACHEPOT DECOR PISO M                                       ;CHINA GOODLINK TRADING CO., LTD.                                                                    ;GRUPO 1                                                     ;2;UN ;105,49;210,98;1259,8;
ONJ0328P       ;CACHEPOT DECOR PISO P                                       ;CHINA GOODLINK TRADING CO., LTD.                                                                    ;GRUPO 1                                                     ;1;UN ;52,75;52,75;398,9;
ONJ0175M       ;BAU DECORATIVO P                                            ;CHINA GOODLINK TRADING CO., LTD.                                                                    ;GRUPO 1                                                     ;4;UN ;20,55;82,2;759,6;
ONJ0194M       ;CAIXA LIVRO DECORATIVO M                                    ;CHINA GOODLINK TRADING CO., LTD.                                                                    ;GRUPO 1                                                     ;9;UN ;21,92;197,28;1709,1;
ONJ0194P       ;CAIXA LIVRO DECORATIVO P                                    ;CHINA GOODLINK TRADING CO., LTD.                                                                    ;GRUPO 1                                                     ;2;UN ;10,96;21,92;279,8;
ONJ0177M       ;BAU DECORATIVO M                                            ;CHINA GOODLINK TRADING CO., LTD.                                                                    ;GRUPO 1                                                     ;1;UN ;9,13;9,13;79,9;
ONJ0177P       ;BAU DECORATIVO P                                            ;CHINA GOODLINK TRADING CO., LTD.                                                                    ;GRUPO 1                                                     ;3;UN ;4,56;13,68;179,7;
ONJ0176P       ;MALA DECORATIVA P                                           ;CHINA GOODLINK TRADING CO., LTD.                                                                    ;GRUPO 1                                                     ;1;UN ;34,25;34,25;298,9;
ONJ0190M       ;CAIXA LIVRO DECORATIVO M                                    ;CHINA GOODLINK TRADING CO., LTD.                                                                    ;GRUPO 1                                                     ;2;UN ;34,25;68,5;579,8;
ONJ0190P       ;CAIXA LIVRO DECORATIVO P                                    ;CHINA GOODLINK TRADING CO., LTD.                                                                    ;GRUPO 1                                                     ;1;UN ;34,25;34,25;189,9;
ONJ0191P       ;MALA DECORATIVO P                                           ;CHINA GOODLINK TRADING CO., LTD.                                                                    ;GRUPO 1                                                     ;1;UN ;36,99;36,99;329,9;
ONJ0189P       ;MALA DECORATIVO P                                           ;CHINA GOODLINK TRADING CO., LTD.                                                                    ;GRUPO 1                                                     ;2;UN ;50,2;100,4;1079,8;
ONJ0187M       ;CAIXA LIVRO DECORATIVO M                                    ;CHINA GOODLINK TRADING CO., LTD.                                                                    ;GRUPO 1                                                     ;2;UN ;31,05;62,1;479,8;
ONJ0187P       ;CAIXA LIVRO DECORATIVO P                                    ;CHINA GOODLINK TRADING CO., LTD.                                                                    ;GRUPO 1                                                     ;4;UN ;15,52;62,08;759,6;
ONJ0179M       ;BAU DECORATIVO M                                            ;CHINA GOODLINK TRADING CO., LTD.                                                                    ;GRUPO 1                                                     ;1;UN ;23,37;23,37;169,9;
ONJ0179P       ;BAU DECORATIVO P                                            ;CHINA GOODLINK TRADING CO., LTD.                                                                    ;GRUPO 1                                                     ;2;UN ;11,08;22,16;239,8;
ONJ02          ;BAMBUSA G ON                                                ;CHINA GOODLINK TRADING CO., LTD.                                                                    ;GRUPO 1                                                     ;1;UN ;25,8;25,8;169,9;
